Original Sin;2709336
Replica Cortex;2553816
Headhunter;2138784
Mageblood;2138784
Defiance of Destiny;2138784
Reefbane;2042976
Replica Shroud of the Lightless;1900272
Stasis Prison;1900272
The Squire;1844928
Rakiata's Dance;1844928
Angler's Plait;1762296
Starforge;1688376
Voidforge;1688376
Replica Kongor's Undying Rage;1688376
Echoforge;1688376
Lioneye's Glare;1639200
Essentia Sanguis;1639200
Divinarius;1639200
Kingmaker;1639200
Soul Taker;1591464
Voltaxic Rift;1545096
Atziri's Disfavour;1545096
Replica Duskdawn;1545096
Bloodseeker;1456416
The Saviour;1456416
Replica Tukohama's Fortress;1413984
Kalandra's Touch;1372800
Bino's Kitchen Knife;1294008
Marohi Erqi;1256304
The Winds of Fate;1184184
Hateforge;934800
Uul-Netol's Vow;881160
Soul Ascension;762336
Nimis;762336
Replica Headhunter;760080
The Tower of Ordeals;677328
Yoke of Suffering;567264
Replica Poorjoy's Asylum;550728
Manastorm;504000
Replica Bated Breath;494400
Stranglegasp;487872
Replica Farrul's Fur;447792
Kitava's Feast;434760
Replica Nebulis;434760
Malachai's Mark;422088
Replica Windripper;409800
Tidebreaker;397872
Replica Eternity Shroud;397872
Annihilation's Approach;397872
Eternal Damnation;397872
Duskdawn;386280
The Brine Crown;375024
Replica Atziri's Acuity;375024
Garukhan's Flight;364104
The Utmost;363024
Tukohama's Fortress;353496
Entropic Devastation;323496
Cloak of Tawm'r Isley;304920
Arakaali's Fang;279048
Martyr of Innocence;270936
Song of the Sirens;268680
Zerphi's Last Breath;255384
Replica Alberon's Warpath;247944
Replica Maloney's Mechanism;220296
Replica Trypanon;190032
Gruthkul's Pelt;179112
Dialla's Malefaction;173904
Ralakesh's Impatience;168840
Skyforth;167448
Infused Beachhead;162552
Wraithlord;159144
Eyes of the Greatwolf;157824
The Dark Seer;150000
Ryslatha's Coil;150000
The Vinktar Square;148776
Shade of Solaris;141384
Void Battery;136152
Rigwald's Quills;136152
The Brass Dome;136152
Light of Lunaris;133272
Sin's Rebirth;129384
Soul Ripper;129384
Seven-League Step;128328
Astral Projector;128328
Warrior's Legacy;128328
Replica Pillars of Arun;124584
Aegis Aurora;120960
The Tides of Time;120960
Atziri's Splendour;117432
Doryani's Machinarium;117432
Shroud of the Lightless;114024
Voll's Devotion;110688
Shavronne's Revelation;110688
Windripper;110688
Magna Eclipsis;110688
Doryani's Fist;107472
Farrul's Fur;107472
Indigon;107472
Farrul's Chase;107472
The Red Nightmare;105216
The Green Nightmare;105216
The Blue Nightmare;105216
Rational Doctrine;105216
Kaom's Heart;104352
Prism Guardian;104352
Rathpith Globe;104352
Broken Faith;104352
Cospri's Malice;104352
The Red Trail;104352
Hand of Wisdom and Action;104352
Inpulsa's Broken Heart;104352
Doryani's Delusion;104352
The Queen's Hunger;104352
Maloney's Mechanism;104352
Brutal Restraint;104352
Badge of the Brotherhood;104352
The Immortal Will;104352
Replica Kaom's Heart;104352
Replica Red Trail;104352
Viridi's Veil;104352
Doppelg„nger Guise;104352
Grace of the Goddess;104352
Thunderfist;101304
Steppan Eard;101304
Heretic's Veil;101304
Machina Mitts;101304
Sporeguard;101304
Doryani's Prototype;101304
Progenesis;99168
Paradoxica;98352
The Yielding Mortality;98352
Replica Paradoxica;98352
Replica Allure;98352
Hyrri's Ire;95496
The Formless Inferno;95496
The Perfect Form;95496
Doedre's Skin;95496
The Eternity Shroud;95496
Replica Perfect Form;95496
Replica Hyrri's Ire;95496
Varunastra;92712
The Surrender;92712
Uul-Netol's Embrace;92712
Disintegrator;92712
Loreweave;92712
Replica Loreweave;92712
Yaomac's Accord;92712
Replica Stampede;90000
The Devourer of Minds;90000
Shavronne's Wrappings;87384
Darkscorn;87384
Kintsugi;87384
Tulfall;87384
Esh's Visage;87384
Arborix;87384
Apep's Supremacy;87384
The Surging Thoughts;87384
Replica Cold Iron Point;87384
Replica Tulfall;87384
The Admiral;87384
Abberath's Hooves;83064
Mj”lner;82368
Replica Abyssus;82368
Replica Mistwall;82368
The Iron Fortress;79968
Farrul's Pounce;79968
Fleshcrafter;79968
Gravebind;79968
Xoph's Nurture;77640
Crown of the Tyrant;77640
Crest of Desire;77640
Farrul's Bite;75384
Offering to the Serpent;75384
Oriath's End;73800
Garb of the Ephemeral;73176
Maata's Teaching;73176
Corpsewalker;71040
The Fourth Vow;71040
Atziri's Reflection;68976
The Devouring Diadem;68976
Qotra's Regulator;68976
Sandstorm Visage;68976
The Tempest Rising;68976
Utula's Hunger;66984
The Celestial Brace;66984
Cloak of Defiance;65016
Skin of the Lords;63648
Zerphi's Heart;63648
Svalinn;63120
Taste of Hate;61296
Inspired Learning;61296
Replica Frostbreath;61296
The Covenant;59496
Anathema;59496
Replica Covenant;59496
Winds of Change;56088
Death Rush;54456
Emperor's Vigilance;54456
Mahuxotl's Machination;54456
The Pariah;52872
Abhorrent Interrogation;52872
The Tempest's Liberation;52872
Perfidy;52608
Ravenous Passion;51336
Cortex;51072
Altered Distant Memory;51072
Augmented Distant Memory;51072
Twisted Distant Memory;51072
Rewritten Distant Memory;51072
Hand of the Fervent;49824
Impresence;49584
Assailum;49584
Tecrod's Gaze;49584
Ulaman's Gaze;49584
Amanamu's Gaze;49584
Kurgal's Gaze;49584
Mark of the Elder;46752
Mark of the Shaper;46752
Polaric Devastation;46752
Replica Soul Strike;45600
Replica Midnight Bargain;45600
Snakepit;45384
Brain Rattler;45384
Razor of the Seventh Sun;45384
The Scourge;45384
Memory Vault;45384
Gloomfang;45384
Vulconus;45384
Beltimber Blade;45384
Grelwood Shank;45384
Augyre;45384
The Twilight Temple;44064
The Gull;42984
Severed in Sleep;42984
United in Dream;42984
Blackflame;42984
Perandus Signet;42768
Asenath's Gentle Touch;42768
Maligaro's Virtuosity;42768
Hidden Potential;42768
Shimmeron;42768
Hopeshredder;42768
Nebuloch;42768
Beacon of Madness;42768
Sunblast;41736
Doon Cuebiyari;41520
Death's Door;41520
Auxium;40320
Flamesight;40320
Galesight;40320
Thundersight;40320
Leash of Oblation;40320
Mistwall;40320
The Ivory Tower;40320
Maw of Mischief;40320
The Burden of Truth;40320
The Apostate;39336
Shadowstitch;39144
Hegemony's Era;38016
Replica Restless Ward;38016
Incandescent Heart;36888
Lioneye's Remorse;36888
Rumi's Concoction;36888
The Hungry Loop;36888
Chains of Command;36888
Black Zenith;36888
Crown of Eyes;35832
Ylfeban's Trickery;35832
Voidwalker;35832
Bubonic Trail;35832
Craiceann's Pincers;35832
Usurper's Penance;35832
Replica Voidwalker;35832
Vorana's March;35832
Kaom's Spirit;35832
The Shattered Divinity;34944
Mon'tregul's Grasp;34776
Kaom's Roots;34776
Pledge of Hands;34776
Cospri's Will;34776
Tinkerskin;34776
Voll's Vision;34776
The Infinite Pursuit;34776
Malachai's Vision;34776
Hand of Thought and Motion;34776
The Unshattered Will;34776
Invictus Solaris;34776
Blasphemer's Grasp;34776
Cyclopean Coil;34776
The Grey Spire;34776
Bitterbind Point;34776
Nebulis;34776
Glorious Vanity;34776
Militant Faith;34776
Elegant Hubris;34776
Lethal Pride;34776
Atziri's Rule;34776
Cadigan's Crown;34776
The Taming;33936
Circle of Ambition;33936
The Bringer of Rain;33768
Replica Oro's Sacrifice;33768
Dawnbreaker;33768
Dreamfeather;32784
Repentance;32784
Shaper's Touch;32784
The Enmity Divine;32784
Vix Lunaris;32784
Voidfletcher;32784
Hands of the High Templar;32784
Replica Dreamfeather;32784
Font of Thunder;32784
The Goddess Scorned;31992
Ming's Heart;31824
Infernal Mantle;31824
Rime Gaze;31824
Doomsower;31824
Scold's Bridle;31824
Jack, the Axe;31824
The Formless Flame;31824
The Snowblind Grace;31824
Fenumus' Shroud;31824
Saqawal's Nest;31824
Hale Negator;31824
Echoes of Creation;31824
Bottled Faith;31056
Replica Rumi's Concoction;31056
Olroth's Resolve;31056
Alpha's Howl;30912
Rebuke of the Vaal;30912
Taryn's Shiver;30912
Hezmana's Bloodlust;30912
Reach of the Council;30912
Uul-Netol's Kiss;30912
The Anticipation;30912
Replica Alpha's Howl;30912
Daresso's Defiance;30000
Atziri's Acuity;30000
Fenumus' Spinnerets;30000
Crown of the Inward Eye;30000
Astramentis;29280
Presence of Chayula;29280
Aul's Uprising;29280
Solstice Vigil;29280
Leadership's Price;29280
Crystallised Omniscience;29280
Ashes of the Stars;29280
Stormfire;29208
Carcass Jack;29136
Death's Oath;29136
The Vertex;29136
The Searing Touch;29136
Tulborn;29136
Esh's Mirror;29136
Yriel's Fostering;29136
The Rippling Thoughts;29136
Perepiteia;29136
Fractal Thoughts;29136
Cold Iron Point;29136
Law of the Wilds;29136
Blunderbore;29136
Replica Wings of Entropy;29136
Glimpse of Chaos;29136
Dawnstrider;29136
Rigwald's Savagery;28368
Rigwald's Command;28368
Obscurantis;28368
Slivertongue;28368
Inya's Epiphany;28272
Replica Inya's Epiphany;28272
The Living Blade;28272
Lightning Coil;27456
Abyssus;27456
Null's Inclination;27456
Dyadian Dawn;27456
Rigwald's Curse;27456
Grip of the Council;27456
Cameria's Avarice;27456
Saqawal's Flock;27456
The Iron Mass;27456
Replica Grip of the Council;27456
The Hidden Blade;27456
The Fulcrum;27456
The Battle Within;27456
Contract: The Twins;27096
The Second Sacrament;27096
The Original Scripture;27096
Algor Mortis;26736
Queen of the Forest;26664
Saffell's Frame;26664
Saqawal's Talons;26664
Breathstealer;26664
Expedition's End;26664
Wilma's Requital;26664
Gamblesprint;26664
First Piece of Focus;26304
Second Piece of Focus;26304
Third Piece of Focus;26304
Fourth Piece of Focus;26304
First Piece of Storms;26304
Second Piece of Storms;26304
Third Piece of Storms;26304
Contract: Death to Darnaw;26304
The First Crest;26304
Unyielding Flame;25968
Xoph's Inception;25872
Craiceann's Chitin;25872
Mask of the Stitched Demon;25872
Storm's Gift;25872
Mask of the Tribunal;25872
Contract: Jamanra's Rest;25536
Contract: Heart of Glory;25536
The Magnate;25248
Intuitive Leap;25248
Lioneye's Fall;25248
Dead Reckoning;25248
Emperor's Cunning;25248
Emperor's Wit;25248
Emperor's Might;25248
Grand Spectrum;25248
Unending Hunger;25248
The Red Dream;25248
The Green Dream;25248
The Blue Dream;25248
Pure Talent;25248
Might of the Meek;25248
Transcendent Flesh;25248
Transcendent Spirit;25248
Transcendent Mind;25248
Unnatural Instinct;25248
The Torrent's Reclamation;25248
Replica Soul Tether;25248
Replica Ungil's Gauche;25248
Replica Primordial Might;25248
Melding of the Flesh;25248
Dissolution of the Flesh;25248
Witchbane;25248
Firesong;25248
Stormshroud;25248
The Balance of Terror;25248
Immutable Force;25248
Ancestral Vision;25248
Bloodnotch;25248
Warrior's Tale;25248
Replica Badge of the Brotherhood;25248
The Adorned;25248
Perseverance;25200
The Black Cane;25200
Eye of Malice;25200
Willowgift;25200
Ancient Skull;25200
Mind of the Council;25128
The Crimson Storm;25128
Kaom's Binding;25128
Contract: Breaking the Unbreakable;24792
Contract: The Slaver King;24792
The Angel of Vengeance;24792
The Epiphany;24792
The Twisted Trinity;24792
The Unbridled Tempest;24792
The Narcissist;24792
The Depraved;24792
The Raging Inferno;24792
Insomnia;24792
The Chains of Castigation;24792
The Power and the Promise;24792
The Rat Cage;24384
Craiceann's Carapace;24384
Fate of the Vaal;24384
Replica Dragonfang's Flight;24384
Vessel of Vinktar;23808
Dying Sun;23808
Lioneye's Vision;23760
Brinerot Mark;23688
Redblade Band;23688
Mutewind Seal;23688
Ngamahu's Flame;23688
Omeyocan;23688
Tavukai;23688
Replica Three-step Assault;23688
Temptation Step;23688
Great Old One's Tentacles;23064
Ceaseless Feast;23064
Inextricable Fate;23064
Chitus' Apex;22992
Daresso's Courage;22992
Craiceann's Tracks;22992
Fenumus' Toxins;22992
Wraeclast Pantheon;22680
The Perandus Manor;22680
Eye of Innocence;22680
First Piece of Brutality;22680
Second Piece of Brutality;22680
Third Piece of Brutality;22680
First Piece of Directions;22680
Second Piece of Directions;22680
Third Piece of Directions;22680
Leper's Alms;22680
Atziri's Foible;22440
Ahkeli's Meadow;22440
Replica Emberwake;22440
Atziri's Step;22392
Dyadus;22392
Cherrubim's Maleficence;22392
Eber's Unification;22392
Medved's Challenge;22392
Rainbowstride;22320
Apep's Rage;22320
Lightpoacher;22320
Forbidden Shako;22320
Replica Infractem;22320
The Putrid Cloister;22032
The Beast Fur Shawl;21744
Touch of Anguish;21744
Ahn's Might;21744
Ahn's Contempt;21744
Gorgon's Gaze;21672
Profane Proxy;21672
Witchhunter's Judgment;21672
Akoya's Gaze;21672
Ynda's Stand;21672
Grasping Nightshade;21672
Death and Taxes;21384
The Ephemeral Bond;21384
The Gilded Chalice;21384
The Broken Censer;21384
Kongor's Undying Rage;21096
Ahn's Heritage;21096
Saqawal's Winds;21048
Legacy of Fury;21048
Devoto's Devotion;20760
Olmec's Sanctum;20760
Bloodgrip;20760
Pillars of Arun;20760
Agnerod East;20496
Agnerod North;20496
Agnerod South;20496
Agnerod West;20496
Breath of the Council;20496
The Poised Prism;20496
Andvarius;20424
Rain of Splinters;20424
Star of Wraeclast;20424
Fenumus' Weave;20424
Replica Victario's Charity;20424
Replica Heartbreaker;20424
Replica Lavianga's Spirit;20424
Worldcarver;20160
Painseeker;20160
The Poet's Pen;19944
Putembo's Mountain;19944
Vis Mortis;19896
Darkray Vectors;19896
Rise of the Phoenix;19896
Ventor's Gamble;19896
Malachai's Loop;19896
The Scales of Justice;19824
Cane of Kulemak;19824
Bound Fate;19824
Oba's Cursed Trove;19584
Death's Hand;19584
Caer Blaidd, Wolfpack's Den;19584
The Beachhead;19584
Doryani's Catalyst;19320
Soul Strike;19320
Geofri's Sanctuary;19320
Hyrri's Truth;19320
Rashkaldor's Patience;19248
Witchfire Brew;19248
Soul Tether;19248
Maw of Conquest;19248
The Jinxed Juju;19248
Kaom's Command;19248
Poorjoy's Asylum;19008
Whakawairua Tuahu;19008
BlackGuardz;19008
The Restless Ward;19008
Hallowed Ground;19008
Cagan's Map;19008
Replica Siegebreaker;18792
Speaker's Wreath;18744
The Stampede;18744
Actum;18744
Cerberus Limb;18696
Replica Kalisa's Grace;18696
Replica Innsbury Edge;18696
Jaws of Agony;18456
Pitch Darkness;18456
Rive;18456
Mercenary's Lot;18456
The Oppressor;18456
Hyaon's Fury;18216
Singularity;18216
Apep's Slumber;18216
Belly of the Beast;18144
Redblade Tramplers;18144
Acton's Nightmare;17904
Hall of Grandmasters;17904
Convent of the Twins' Flame;17904
Veruso's Battering Rams;17904
Asenath's Mark;17712
Uzaza's Valley;17712
Scorpion's Call;17664
Tawhoa's Felling;17664
Soulthirst;17616
The Tempest's Binding;17616
Slavedriver's Hand;17616
Vivinsect;17616
Replica Malachai's Artifice;17616
Replica Voideye;17616
Rotblood Promise;17616
Triumvirate Authority;17616
Mao Kun;17400
Vaults of Atziri;17400
Izaro's Dilemma;17400
Nuro's Harp;17400
The Torturer;17400
The Queller of Minds;17400
The Selfish Shepherd;17400
The Hateful Accuser;17400
The Pandemonius;17184
Xoph's Blood;17184
Choir of the Storm;17184
Replica Hyrri's Truth;17184
Romira's Banquet;17160
Starkonja's Head;17160
The Writhing Jar;17160
Scaeva;17160
Cane of Unravelling;17160
Soulwrest;17160
Cowl of the Cryophile;17160
Cowl of the Thermophile;17160
The Blood Dance;17112
Hinekora's Sight;17112
Replica Hinekora's Sight;17112
Maelstr”m of Chaos;16872
Oro's Sacrifice;16872
Surgebinders;16872
Spiritskin;16872
Waycarver;16872
The Infested;16872
Robbie's Rotten Mace;16872
Carl's Crusher;16872
Piscator's Vigil;16656
The Dancing Dervish;16656
Hiltless;16656
Dendrobate;16656
Cowl of the Ceraunophile;16656
Haemophilia;16608
Volkuur's Guidance;16608
Replica Volkuur's Guidance;16608
Callinellus Malleus;16392
The Goddess Unleashed;16392
Allure;16392
Debeon's Dirge;16392
White Wind;16392
Snakebite;16176
Kaom's Primacy;16176
Ichimonji;16176
Mask of the Spirit Drinker;16176
The Ghastly Theatre;16176
The Gluttonous Tide;16176
Mutewind Pennant;16128
Mutewind Whispersteps;16128
Tainted Pact;16128
Null and Void;15696
Kiloava's Bluster;15696
Nycta's Lantern;15648
The Supreme Truth;15648
Tremor Rod;15648
Brinerot Whalers;15648
Allelopathy;15648
Replica Allelopathy;15648
Mark of the Doubting Knight;15456
The Rack;15456
Skin of the Loyal;15288
Replica Atziri's Foible;15288
Greed's Embrace;15240
Story of the Vaal;15240
Storm Secret;15240
Ahuana's Bite;15240
Marylene's Fallacy;15192
Call of the Brotherhood;15192
Emberwake;15192
Trypanon;15192
Voice of the Storm;15192
Fury Valve;15192
Mother's Embrace;15192
Blood Price;15192
Thousand Teeth Temu;15000
The Broken Crown;15000
The Retch;14832
Voidbringer;14808
Dance of the Offered;14808
Admiral's Arrogance;14760
Sin Trek;14568
Chin Sol;14568
Wings of Entropy;14568
Fairgraves' Bearing;14568
Santoni's Faith;14568
Rumblemarch;14568
Borrowed Power;14568
Bloodletter;14568
Sinvicta's Mettle;14568
The Basilisk;14568
Emperor's Mastery;14400
The Anima Stone;14400
Voices;14400
Sublime Vision;14400
Voidhome;14376
Pyroshock Clasp;14376
Circle of Nostalgia;14328
Chernobog's Pillar;14136
Kingsguard;14136
Kondo's Pride;14136
Bronn's Lithe;13944
Geofri's Crest;13944
The Consuming Dark;13944
The Coming Calamity;13944
Serle's Masterwork;13944
Command of the Pit;13920
Replica Harvest;13920
The Coward's Trial;13728
Untainted Paradise;13728
Malicious Intent;13728
Cameria's Maul;13728
The Wasp Nest;13728
Taproot;13728
Balefire;13728
The Druggery;13728
Goblinedge;13728
The Benefactor;13728
The Redblade;13728
Crown of the Pale King;13536
Victario's Influence;13536
Oskarm;13536
Aurseize;13512
Tombfist;13512
Vixen's Entrapment;13512
Moonsorrow;13320
Obliteration;13320
The Dancing Duo;13320
Farsight;13320
Replica Soul Taker;13320
The Fledgling;13152
Voll's Protector;13104
Meginord's Vise;13104
Lion's Roar;13104
Redblade Banner;13104
Xoph's Heart;13104
The Halcyon;13104
Replica Earendel's Embrace;13104
Gang's Momentum;12936
Leviathan Ivory;12936
Femurs of the Saints;12936
Lawbreaker;12936
March of the Legion;12936
Sign of the Sin Eater;12936
Rotting Legion;12936
The Hollow-Eyed Skull;12936
The Ancient Angler;12936
Rory's Revengance;12936
Mark2's Mastery;12936
The Burden of Shadows;12936
Blood of the Karui;12768
Lavianga's Spirit;12768
Warped Timepiece;12768
Heartbound Loop;12768
Frostbreath;12768
Darkness Enthroned;12768
Perquil's Toe;12768
Nametaker;12768
Soul Mantle;12408
Alberon's Warpath;12408
Sire of Shards;12408
Wyrmsign;12408
Icefang Orbit;12408
Venopuncture;12408
Shattershard;12408
Steelworm;12408
Tanu Ahi;12408
Bloodsoaked Medallion;12408
Windscream;12360
Deidbell;12360
The Whispering Ice;12360
Prospero's Vault;12192
Gluttony;12024
Nightgrip;12024
Olroth's Charge;12024
Sudden Dawn;12024
Death's Harp;12000
Ephemeral Edge;12000
Bitterdream;12000
Replica Iron Commander;12000
The Hand of Phrecia;12000
Wildfire Phloem;12000
Hrimnor's Resolve;11832
Rat's Nest;11832
Maloney's Nightfall;11832
Three-step Assault;11832
The Ascetic;11832
The Highwayman;11832
Innsbury Edge;11688
The Fracturing Spinner;11640
Atziri's Mirror;11496
The Arbiter;11496
Great Old One's Ward;11352
Replica Advancing Fortress;11352
Kahuturoa's Certainty;11352
Divination Distillate;11304
Umbilicus Immortalis;11304
Xirgil's Crank;11304
Bisco's Collar;11304
Bisco's Leash;11304
Replica Lioneye's Paws;11304
Relic of the Pact;11304
Infractem;11160
Prismatic Eclipse;11160
Empire's Grasp;11160
Disjunction;11160
Felltooth;11160
Geofri's Legacy;11160
Replica Forbidden Shako;11160
Voideye;11016
Forbidden Taste;11016
Malachai's Artifice;11016
Kongming's Stratagem;11016
Essence Worm;11016
Architect's Hand;11016
The Annihilating Light;11016
Stormseeker;11016
The Geomantic Gyre;10848
Maligaro's Restraint;10704
Jorrhast's Blacksteel;10704
Natural Hierarchy;10704
Ascent From Flesh;10704
Kitava's Thirst;10704
Soulbound;10704
Doomfletch;10656
Brutus' Lead Sprinkler;10656
Terminus Est;10512
Black Sun Crest;10512
Southbound;10512
Ambu's Charge;10392
Replica Ambu's Charge;10392
Vaal Caress;10344
Cinderswallow Urn;10344
Replica Sorrow of the Divine;10344
Starlight Chalice;10344
Elixir of the Unbroken Circle;10344
Replica Witchfire Brew;10344
Immortal Flesh;10224
Heartbreaker;10224
Mantra of Flames;10224
Victario's Charity;10224
The Embalmer;10224
Zeel's Amplifier;9912
The Eternal Apple;9912
Pragmatism;9912
Demon Stitcher;9792
Eye of Chayula;9768
The Eternal Struggle;9768
Midnight Bargain;9504
Ceinture of Benevolence;9504
Dream Fragments;9480
Winterweave;9480
Reverberation Rod;9480
Doedre's Tongue;9480
Lightbane Raiment;9360
Kalisa's Grace;9360
Arimagius' Honor;9360
Doedre's Scorn;9216
Moonbender's Wing;9216
The Flawed Refuge;9216
Ungil's Harmony;9192
Brinerot Flag;9192
Ornament of the East;9072
Advancing Fortress;9072
Valako's Sign;8952
Replica Bones of Ullr;8928
The Anvil;8808
The Blood Reaper;8808
Maligaro's Lens;8808
Sibyl's Lament;8808
Deadman's Hand;8808
The Signal Fire;8808
Corona Solaris;8808
Mark of Submission;8808
The Harvest;8688
Rigwald's Charge;8544
Widowmaker;8544
Siegebreaker;8544
Tawhanuku's Timing;8544
Berek's Respite;8424
Heatshiver;8424
To Dust;8424
Fluid Motion;8424
Inertia;8424
Fertile Mind;8424
Efficient Training;8424
Brute Force Solution;8424
Careful Planning;8424
Atziri's Reign;8424
Fevered Mind;8424
Self-Flagellation;8424
Powerlessness;8424
Chill of Corruption;8424
Pacifism;8424
Fragility;8424
Energised Armour;8424
Energy From Within;8424
Healthy Mind;8424
Rigwald's Crest;8424
Reckless Defence;8424
Primordial Eminence;8424
Primordial Harmony;8424
Primordial Might;8424
The Flow Untethered;8424
The Golden Rule;8424
Soul's Wick;8424
Fortress Covenant;8424
Quickening Covenant;8424
Thread of Hope;8424
Split Personality;8424
Replica Tempestuous Steel;8424
Replica Reckless Defence;8424
Arn's Anguish;8424
Olesya's Delight;8424
Graven's Secret;8424
Forbidden Flame;8424
Forbidden Flesh;8424
Impossible Escape;8424
Ixchel's Temptation;8424
That Which Was Taken;8424
Replica Heatshiver;8424
Replica Pacifism;8424
Replica Fragility;8424
Replica Powerlessness;8424
Nevalius Inheritance;8424
Daresso's Passion;8304
El'Abin's Visage;8304
Bloodbond;8184
Wurm's Molt;8064
Winterheart;8064
Goldwyrm;7968
The Primordial Chain;7968
Plume of Pursuit;7968
Veruso's Ambition;7968
Cloak of Flame;7944
Coruscating Elixir;7944
Sap of the Seasons;7944
Mightblood Ire;7944
Clayshaper;7824
Sentari's Answer;7728
Chober Chaber;7608
Selfless Leadership;7608
Static Electricity;7608
Might in All Forms;7608
Rotgut;7608
Eclipse Solaris;7608
Chaber Cairn;7608
The Aylardex;7512
Iron Commander;7512
Replica Bitterdream;7512
Precursor's Emblem;7488
Ahkeli's Valley;7488
Circle of Anguish;7488
Icetomb;7368
Crystal Vault;7368
Orbala's Stand;7368
Rearguard;7272
Shadows and Dust;7272
Demigod's Beacon;7272
Aukuna's Will;7272
Replica Winterheart;7272
Valyrium;7176
Escalation;7176
Lori's Lantern;7080
Thief's Torment;7080
Lioneye's Paws;7080
Replica Twyzel;7080
Zahndethus' Cassock;6960
Mindspiral;6960
Cybil's Paw;6960
Torchoak Step;6960
Chalice of Horrors;6864
Ngamahu's Sign;6864
Skullhead;6744
Skirmish;6744
Gifts from Above;6672
Blightwell;6672
Replica Leer Cast;6672
Putembo's Meadow;6648
Circle of Regret;6648
The Three Dragons;6552
Meginord's Vigour;6552
Earendel's Embrace;6552
Willclash;6552
The Sorrow of the Divine;6480
The Overflowing Chalice;6480
Coralito's Signature;6480
Soul Catcher;6480
Vorana's Preparation;6480
Lycosidae;6456
Mortem Morsu;6360
Ylfe Ban;6360
Al Dhih;6288
The Baron;6288
Fairgraves' Tricorne;6264
Hyperboreus;6264
Survivor's Guilt;6264
Reaper's Pursuit;6192
Deidbellow;6192
Windshriek;6192
Drillneck;6096
Timeclasp;6096
Faithguard;6096
Grattus Signet;6096
Briskwrap;6000
Shavronne's Pace;6000
Flesh-Eater;6000
Death's Opus;6000
Shavronne's Gambit;6000
Triad Grip;6000
Stillwater;6000
Le Heup of All;5928
Pyre;5904
The Wise Oak;5904
Uzaza's Mountain;5904
Circle of Fear;5904
Replica Tasalio's Sign;5904
Call of the Void;5904
Ikiaho's Promise;5832
Matua Tupuna;5760
The Trickster's Smile;5760
Blood of Corruption;5736
Replica Karui Ward;5736
Titucius' Span;5664
Mightflay;5664
Eldritch Knowledge;5664
Fortified Legion;5664
Twyzel;5664
Chitus' Needle;5664
The Warden's Brand;5664
Retaliation Charm;5664
Elevore;5664
Veil of the Night;5592
Edge of Madness;5592
Replica Veil of the Night;5592
Relentless Fury;5496
Thirst for Horrors;5496
Replica Doedre's Damning;5400
Fated End;5400
Wake of Destruction;5328
Leer Cast;5328
Lakishu's Blade;5328
The Stormheart;5328
Death Rattle;5328
Viper's Scales;5328
Doomfletch's Prism;5328
The Stormwall;5328
Meginord's Girdle;5256
Berek's Grip;5256
Berek's Pass;5256
Belt of the Deceiver;5256
Kikazaru;5256
Tasalio's Sign;5256
Spirit Guards;5256
Maligaro's Cruelty;5256
Tempered Flesh;5256
Combat Focus;5256
Tempered Spirit;5256
Tempered Mind;5256
Curtain Call;5256
The Felbog Fang;5256
Endless Misery;5256
Apex Mode;5256
Nadir Mode;5256
Honoured Alliance;5256
Sundance;5184
Slitherpinch;5184
Geofri's Baptism;5184
Queen's Decree;5184
Alkem Eira;5184
Glitterdisc;5184
Kiara's Determination;5184
Queen's Escape;5184
Sands of Shakari;5184
Sunspite;5184
Geofri's Devotion;5184
Tabula Rasa;5088
Thousand Ribbons;5088
Vizaru's Folly;5016
Ewar's Mirage;5016
Mark of the Red Covenant;5016
Atziri's Promise;4968
Coward's Legacy;4944
Circle of Guilt;4944
Chains of Emancipation;4944
Carnage Heart;4872
Foxshade;4872
Prismweave;4872
Mana Sponge;4872
The Learning Stone;4872
Duskwing;4872
Fox's Fortune;4872
Timetwist;4872
Ashrend;4824
Solaris Lorica;4824
Malachai's Simula;4824
Trolltimber Spire;4824
Watcher's Eye;4800
One With Nothing;4800
Kitava's Teachings;4800
The Interrogation;4800
Calamitous Visions;4800
Natural Affinity;4800
The Siege;4800
The Front Line;4800
Megalomaniac;4800
Widowhail;4800
Storm Prison;4728
Amplification Rod;4728
Pagan Geis;4728
Facebreaker;4680
Mokou's Embrace;4680
Ahkeli's Mountain;4680
The Peregrine;4608
Stormcharger;4608
Giantsbane;4608
Whakatutuki o Matua;4608
Flesh and Spirit;4536
Replica Bloodplay;4536
Bones of Ullr;4464
Deerstalker;4464
Quecholli;4464
Bated Breath;4464
Fidelitas' Spike;4464
Praxis;4464
Mordhau;4464
Panquetzaliztli;4464
Boreal Shepherd;4344
Daresso's Salute;4200
Victario's Acuity;4200
Perandus Blazon;4200
Ungil's Gauche;4200
Brightbeak;4200
Asphyxia's Wrath;4200
Shaper's Seed;4200
Brawn;4200
Vampire's Might;4200
Survival Secrets;4200
Survival Skills;4200
Martial Artistry;4200
Survival Instincts;4200
Cannibalistic Habits;4200
Spire of Stone;4200
Apparitions;4200
Hotheaded;4200
Combustibles;4200
Weight of Sin;4200
The Naming Temporary;4200
Fragile Bloom;4200
Clear Mind;4200
Specialised;4200
Miser of Misery;4200
Vaal Sentencing;4200
Sacrificial Harvest;4200
Blood Sacrifice;4200
Poacher's Aim;4200
Warlord's Reach;4200
Assassin's Haste;4200
Conqueror's Efficiency;4200
Conqueror's Potency;4200
Conqueror's Longevity;4200
Ancient Waystones;4200
Mutated Growth;4200
Hungry Abyss;4200
Zerphi's Youth;4200
Corrupted Energy;4200
Brittle Barrier;4200
Pugilist;4200
Cold Steel;4200
Anatomical Knowledge;4200
Fireborn;4200
Lavianga's Wisdom;4200
The Deep One's Hide;4200
Spine of the First Claimant;4200
Izaro's Turmoil;4200
The Vigil;4200
Rolling Flames;4200
Winter's Bounty;4200
Spirited Response;4200
Rapid Expansion;4200
Volley Fire;4200
Shattered Chains;4200
Weight of the Empire;4200
Steel Spirit;4200
Growing Agony;4200
Extractor Mentis;4200
Demigod's Dominance;4200
Cheap Construction;4200
Hair Trigger;4200
Unstable Payload;4200
The Tempestuous Steel;4200
Saemus' Gift;4200
Coated Shrapnel;4200
Underdog's Fury;4200
Sudden Ignition;4200
Ring of Blades;4200
Winter Burial;4200
Violent Dead;4200
First Snow;4200
Frozen Trail;4200
Wildfire;4200
Fight for Survival;4200
Omen on the Winds;4200
Overwhelming Odds;4200
Might and Influence;4200
Inevitability;4200
Collateral Damage;4200
Spreading Rot;4200
Boundless Grasp;4200
Hazardous Research;4200
Choking Ash;4200
Straight and True;4200
From Dust;4200
The Long Winter;4200
The Tactician;4200
The Nomad;4200
Frostferno;4200
Toxic Vapours;4200
Seething Fury;4200
Unearth Threshold;4200
Replica Conqueror's Efficiency;4200
Replica Hotheaded;4200
Replica Pure Talent;4200
Replica Fragile Bloom;4200
Replica Unstable Payload;4200
Replica Blood Sacrifice;4200
Replica Cheap Construction;4200
Lord of Steel;4200
Divine Inferno;4200
Victario's Flight;4152
Ashcaller;4152
Putembo's Valley;4152
Ghostwrithe;4032
Dusktoe;3960
Wideswing;3960
Ghostmarch;3960
Faminebind;3960
Roth's Reach;3960
Duskblight;3960
Thrillsteel;3960
Doryani's Invitation;3912
Night's Hold;3912
String of Servitude;3912
Bear's Girdle;3912
Aurumvorax;3840
Hrimnor's Hymn;3840
Hrimnor's Dirge;3840
Malachai's Awakening;3840
Kaltenhalt;3744
Nomic's Storm;3744
Dreadarc;3744
Kaltensoul;3744
Dreadsurge;3744
Battlehaste;3744
Uzaza's Meadow;3696
Wreath of Phrecia;3696
Demigod's Presence;3624
The Ignomon;3624
Bloodplay;3624
Band of the Victor;3624
Frost Unbroken;3624
The Effigon;3624
The Untouched Soul;3624
Shackles of the Wretched;3576
The Goddess Bound;3576
Hyrri's Bite;3528
Hyrri's Demise;3528
Chain of Endurance;3528
Dying Breath;3432
Pillar of the Caged God;3432
Limbsplit;3432
Realmshaper;3432
Realm Ender;3432
The Cauteriser;3432
Doedre's Damning;3384
Quill Rain;3384
Replica Quill Rain;3384
Demigod's Bounty;3312
Demigod's Stride;3312
Demigod's Touch;3312
Doedre's Tenure;3312
Demigod's Triumph;3312
Honourhome;3312
Doedre's Elixir;3312
Shiversting;3312
Demigod's Eye;3312
Wildslash;3312
Stormblast;3312
Galla's Riposte;3312
Doedre's Malevolence;3312
Honourhold;3312
Demigod's Immortality;3312
Ungils's Coil;3312
Kaom's Sign;3288
Replica Blood Thorn;3288
Replica Fencoil;3288
Feastbind;3216
Sadima's Touch;3192
Goldrim;3192
Sacrificial Heart;3192
Replica Last Resort;3192
Gorebreaker;3120
The Princess;3120
Axiom Perpetuum;3120
Maligaro's Etcher;3120
Coward's Chains;3096
Replica Prismweave;3096
Wondertrap;3048
Hrimsorrow;3048
Storm Cloud;3048
The Tempest;3048
Hrimburn;3048
Greedtrap;3048
Wildwrap;3048
Bramblejack;3000
Crest of Perandus;2952
Asenath's Chant;2952
Karui Ward;2856
Stone of Lazhwar;2856
Broadstroke;2856
Springleaf;2856
Tear of Purity;2856
The Rathorn;2856
Karui Charge;2856
The Oak;2856
The Screaming Eagle;2784
Abberath's Horn;2784
The Gryphon;2784
Ondar's Clasp;2712
Wheel of the Stormsail;2712
Goredrill;2712
Sanguine Gambol;2712
The Megalomaniac;2712
Fencoil;2616
Craghead;2616
The Blood Thorn;2616
Vestige of Divinity;2616
Wurmfist;2616
Cragfall;2616
Kaom's Way;2616
Mirebough;2616
Araku Tiki;2544
Sidhebreath;2544
Wanderlust;2544
Crown of Thorns;2544
Last Resort;2544
Thunder of the Dawn;2544
Scar of Fate;2544
Ironweld;2544
Martyr's Crown;2544
Ngamahu Tiki;2544
Sidhebite;2544
DrTestapus' Charm;2544
Blackheart;2472
Blackgleam;2472
Rust of Winter;2472
Remnant of Empires;2472
Chains of Time;2472
Dewath's Hide;2472
Voidheart;2472
Oni-Goroshi;2472
Lochtonial Caress;2400
Ezomyte Peak;2400
Silverbranch;2400
Redbeak;2400
Lifesprig;2400
Blood of Summer;2400
Ashes of the Sun;2400
Splinter of the Moon;2400
Fragment of Eternity;2400
Relic of the Cycle;2400
Tear of Entropy;2400
Talisman of the Victor;2400
Bartek's Finger;2400
Celestial Fragment;2400
Slivers of Providence;2400
Wall of Brambles;2400
Silverbough;2400
Ezomyte Hold;2400
First Piece of the Arcane;2400
Second Piece of the Arcane;2400
Third Piece of the Arcane;2400
First Piece of Time;2400
Second Piece of Time;2400
Dreadbeak;2400
Terror;2400
Stalwart Defenders;2400
Misinformation;2400
Irresistible Temptation;2400
Territories Unknown;2400
War Among the Stars;2400
Booming Populace;2400
Demigod's Authority;2400
The Vast Horizon;2400
The Walls;2400
The Claim;2400
The Builder;2400
The Closest Peak;2400
Restless Cycles;2400
The False Hope;2400
Atop the Atlas;2400
Ambition;2400
Cooperation;2400
Beauty;2400
Curiosity;2400
The Warlord's Annex;2400
The Hour of Divinity;2400
The Night Lamp;2400
The Blood of Innocence;2400
The Perandus Pact;2400
Curio of Decay;2400
Curio of Potential;2400
Curio of Consumption;2400
Curio of Absorption;2400
The Light of Meaning;2400
